#,Username,Display Name,Tier,Channels Count,Specialty / Focus
1,@farida_ads,Farida Ads (فريدة),Tier 1 (الكبرى),+25 قناة,إدارة وتبادل صفقات كبرى قنوات الذهب والفوركس والـ VIP
2,@Adsazza,Azza Ads (عزة),Tier 1 (الكبرى),+20 قناة,منسقة إعلانات وتبادل ترافيك ومتابعين
3,@fatenexchange,Faten Exchange (فاتن),Tier 1 (الكبرى),+18 قناة,إدارة شبكة تبادل إعلاني وتمويل قنوات الفوركس
4,@adprofx,Ad Pro FX (دينا إعلانات),Tier 1 (الكبرى),+15 قناة,وكالة إعلانات وترويج قنوات التداول والفوركس
5,@EliteTradersAd,Elite Traders Hub,Tier 1 (الكبرى),+15 قناة,شبكة التبادل الإعلاني والترويج لقنوات المتداولين
6,@Growthengine_co,Growth Engine Official,Tier 1 (الكبرى),+15 قناة,وكالة نمو وتمويل وشراء ترافيك وحملات إعلانية
7,@MaryamAds1,Maryam Ads (مريم),Tier 1 (الكبرى),+12 قناة,إدارة إعلانات وترويج شبكات الذهب والماسترز
8,@maysa_ads,Maysa Ads (مايسة),Tier 1 (الكبرى),+12 قناة,مسؤولة تسويق ونشر إعلاني ومؤثرين وتداول
9,@HagerAds,Hager Ads (هاجر),Tier 1 (الكبرى),+10 قنوات,مديرة تبادل إعلاني وتكبير قنوات التداول
10,@Mohamed_ads97,Mohamed Ads 97 (محمد),Tier 1 (الكبرى),+10 قنوات,ميديا باير وتسويق منصات التداول الرقمي
11,@protradersad,Pro Traders Exchange,Tier 1 (الكبرى),+10 قنوات,ترويج وتبادل قنوات التداول والخدمات المالية
12,@dinaads,Dina Ads (دينا),Tier 1 (الكبرى),+10 قنوات,تسويق قنوات الفوركس والتمويل الإعلاني
13,@tamerads1,Tamer Ads (تامر),Tier 2 (متوسطة - نشطة),+8 قنوات,إدارة إعلانات وتمويل وتكبير قنوات فوركس وتداول
14,@ReemAds,Reem Ads (ريم),Tier 2 (متوسطة - نشطة),+8 قنوات,إدارة حملات ترويجية وتبادل إعلاني مباشر
15,@Emanadsa,Eman Ads (إيمان),Tier 2 (متوسطة - نشطة),+8 قنوات,مسؤولة إعلانات قنوات واستقبال رعايات
16,@Asmaaa_ads,Asmaa Ads (أسماء),Tier 2 (متوسطة - نشطة),+8 قنوات,تسويق وتبادل إعلاني لقنوات الفوركس والمال
17,@nonaads,Nona Ads (نونا / ناهد),Tier 2 (متوسطة - نشطة),+8 قنوات,مسؤولة تبادل إعلاني وتكبير قنوات تداول
18,@Sarah_Ads,Sarah Ads (سارة),Tier 2 (متوسطة - نشطة),+8 قنوات,إعلانات وترويج قنوات الكريبتو والتداول
19,@ADSSALMAa,Salma Ads (سلمى),Tier 2 (متوسطة - نشطة),+7 قنوات,مسؤولة تسويق ونمو قنوات التداول
20,@MOKHTARR1,Mokhtar Ads (مختار),Tier 2 (متوسطة - نشطة),+7 قنوات,ميديا باير وإدارة إعلانات الفوركس والشراكات
21,@AdSwift,AdSwift Agency,Tier 2 (متوسطة - نشطة),+7 قنوات,وكالة ترويج مالي وشراء ترافيك وحملات
22,@Lamar_Ads,Lamar Ads (لمار),Tier 2 (متوسطة - نشطة),+6 قنوات,إدارة إعلانات وتبادل نشر يومي مباشر
23,@HayamAd2j,Hayam Ads (هيام),Tier 2 (متوسطة - نشطة),+6 قنوات,مسؤولة تبادل إعلاني وترويج قنوات
24,@Jamilaads,Jamila Ads (جميلة),Tier 2 (متوسطة - نشطة),+6 قنوات,ترويج منصات وقنوات VIP
25,@nancy_ads1,Nancy Ads (نانسي),Tier 2 (متوسطة - نشطة),+6 قنوات,مسؤولة إعلانات قنوات نشطة
26,@rahma4565,Rahma Ads (رحمة),Tier 2 (متوسطة - نشطة),+6 قنوات,تبادل إعلاني وتزويد تفاعل
27,@lis_anihad,Nihad Trading (نهاد),Tier 2 (متوسطة - نشطة),+5 قنوات,مسؤولة تواصل وإعلانات في قنوات المليونير
28,@nahed_ads,Nahed Ads (ناهد),Tier 2 (متوسطة - نشطة),+5 قنوات,حساب حجز وتبادل إعلانات القنوات
29,@joee_ads,Joee Ads (جو),Tier 3 (مباشرة ومسوقون),+4 قنوات,تسويق قنوات وتبادل إعلاني
30,@AdsSafwat,Safwat Ads (صفوت),Tier 3 (مباشرة ومسوقون),+4 قنوات,إدارة إعلانات تجارية وتمويل
31,@Emanads000,Eman Ads 2,Tier 3 (مباشرة ومسوقون),+4 قنوات,حساب استقبال إعلانات فرعي
32,@faridaads,Farida Ads 2,Tier 3 (مباشرة ومسوقون),+4 قنوات,حساب فرعي لفريدة إعلانات
33,@Mairaads,Maira Ads (مايرا),Tier 3 (مباشرة ومسوقون),+4 قنوات,ترويج ونشر وتبادل قنوات
34,@lina_bnm,Lina (لينا),Tier 3 (مباشرة ومسوقون),+3 قنوات,تبادل إعلاني وتوجيه منشورات
35,@mai_promoter,Mai Promoter (مي),Tier 3 (مباشرة ومسوقون),+3 قنوات,بروموشن وزيادة مشاهدات وتفاعل
36,@abdo0o0o0oo,Abdo Ads (عبده),Tier 3 (مباشرة ومسوقون),+3 قنوات,إدارة إعلانات قنوات
37,@MohammedAds33,Mohammed Ads 33,Tier 3 (مباشرة ومسوقون),+3 قنوات,ترويج قنوات تداول
38,@AesyGul,Aesy Gul,Tier 3 (مباشرة ومسوقون),+3 قنوات,تبادل نشر وتفاعل
39,@Maha2210,Maha Ads (مها),Tier 3 (مباشرة ومسوقون),+3 قنوات,مسؤولة تبادل إعلاني
40,@Elsaidd22,Elsaid Ads (السيد),Tier 3 (مباشرة ومسوقون),+3 قنوات,إعلانات وتمويل قنوات
41,@uniqads2,Uniq Ads,Tier 3 (مباشرة ومسوقون),+3 قنوات,خدمات ترويج قنوات
42,@Meromero3131,Mero Mero (ميرو),Tier 3 (مباشرة ومسوقون),+3 قنوات,تبادل ونشر قنوات
43,@mayar_medhat1012,Mayar Medhat (ميار),Tier 3 (مباشرة ومسوقون),+3 قنوات,مسؤولة إعلانات قنوات
44,@Abou_yaqoub,Abou Yaqoub (أبو يعقوب),Tier 3 (مباشرة ومسوقون),+3 قنوات,إدارة قنوات وتواصل إعلاني
45,@EmaAds,Ema Ads (إيما),Tier 3 (مباشرة ومسوقون),+3 قنوات,ترويج وتبادل قنوات
46,@Stateuntied_ads,Stateunited Ads,Tier 3 (مباشرة ومسوقون),+2 قنوات,إعلانات قنوات متنوعة
47,@Khaled_ads,Khaled Ads (خالد),Tier 3 (مباشرة ومسوقون),+2 قنوات,شراء مساحات إعلانية
48,@malak_ads22,Malak Ads 22 (ملك),Tier 3 (مباشرة ومسوقون),+2 قنوات,تبادل إعلاني وتزويد متابعين
49,@Maya_ADS1,Maya Ads (مايا),Tier 3 (مباشرة ومسوقون),+2 قنوات,إعلانات وترويج قنوات
50,@Node231,Node Ads (نود),Tier 3 (مباشرة ومسوقون),+2 قنوات,تبادل نشر وتوجيه
51,@Dododede23,Dodo Dede (دودو),Tier 3 (مباشرة ومسوقون),+2 قنوات,إعلانات قنوات تفاعلية
52,@Malaaaakads,Malak Ads (ملاك),Tier 3 (مباشرة ومسوقون),+2 قنوات,مسؤولة تبادل قنوات
53,@Mohamedben392,Mohamed Ben,Tier 3 (مباشرة ومسوقون),+2 قنوات,إدارة وتنسيق قنوات
54,@Ggfigt,Ggfigt Ads,Tier 3 (مباشرة ومسوقون),+2 قنوات,تبادل قنوات
55,@zeyad3112,Zeyad Ads (زياد),Tier 3 (مباشرة ومسوقون),+2 قنوات,ميديا باير وترويج
56,@ADSONLYF,Ads Only Official,Tier 3 (مباشرة ومسوقون),+2 قنوات,حساب مخصص للإعلانات فقط
